{"textures":{"0":"modelengine:entity/invaderweapons"},"elements":[{"from":[7.142857,7.142857,7.142857],"to":[8.857143,8.857143,8.857143],"rotation":{"angle":0.0,"axis":"y","origin":[7.714286,7.142857,7.142857]},"faces":{"east":{"uv":[6.0,6.0,7.5,7.5],"rotation":270,"texture":"#0","tintindex":0},"south":{"uv":[4.5,8.0,3.0,6.5],"rotation":0,"texture":"#0","tintindex":0},"north":{"uv":[6.0,6.5,4.5,8.0],"rotation":180,"texture":"#0","tintindex":0},"west":{"uv":[1.5,6.5,3.0,8.0],"rotation":90,"texture":"#0","tintindex":0},"up":{"uv":[6.0,4.5,7.5,6.0],"rotation":180,"texture":"#0","tintindex":0},"down":{"uv":[0.0,6.5,1.5,8.0],"rotation":0,"texture":"#0","tintindex":0}}},{"from":[7.428571,8.857143,7.428571],"to":[8.571428,9.428572,8.571428],"rotation":{"angle":0.0,"axis":"y","origin":[7.428571,9.428572,7.428571]},"faces":{"east":{"uv":[7.0,1.5,7.5,2.5],"rotation":270,"texture":"#0","tintindex":0},"south":{"uv":[10.0,6.0,9.0,5.5],"rotation":0,"texture":"#0","tintindex":0},"north":{"uv":[3.5,9.5,2.5,10.0],"rotation":180,"texture":"#0","tintindex":0},"west":{"uv":[9.5,0.5,10.0,1.5],"rotation":90,"texture":"#0","tintindex":0},"up":{"uv":[5.0,8.0,6.0,9.0],"rotation":180,"texture":"#0","tintindex":0},"down":{"uv":[8.5,0.5,9.5,1.5],"rotation":0,"texture":"#0","tintindex":0}}}],"display":{"head":{"translation":[0.0,-6.4,0.0],"scale":[4.0,4.0,4.0]}}}