{"textures":{"0":"modelengine:entity/hologram"},"elements":[{"from":[5.428571,8.571428,5.714286],"to":[9.428572,9.714286,9.714286],"rotation":{"angle":0.0,"axis":"y","origin":[7.714286,8.0,7.428571]},"faces":{"east":{"uv":[3.5,7.0,7.0,8.0],"rotation":0,"texture":"#0","tintindex":0},"south":{"uv":[7.0,7.0,10.5,8.0],"rotation":0,"texture":"#0","tintindex":0},"north":{"uv":[0.0,7.0,3.5,8.0],"rotation":0,"texture":"#0","tintindex":0},"west":{"uv":[0.0,8.0,3.5,9.0],"rotation":0,"texture":"#0","tintindex":0},"up":{"uv":[9.0,3.5,5.5,0.0],"rotation":0,"texture":"#0","tintindex":0},"down":{"uv":[9.0,3.5,5.5,7.0],"rotation":0,"texture":"#0","tintindex":0}}},{"from":[6.5714283,9.714286,6.857143],"to":[8.285714,10.857143,8.571428],"rotation":{"angle":0.0,"axis":"y","origin":[7.714286,8.0,7.428571]},"faces":{"east":{"uv":[8.0,8.0,9.5,9.0],"rotation":0,"texture":"#0","tintindex":0},"south":{"uv":[0.0,9.0,1.5,10.0],"rotation":0,"texture":"#0","tintindex":0},"north":{"uv":[6.5,8.0,8.0,9.0],"rotation":0,"texture":"#0","tintindex":0},"west":{"uv":[9.0,0.0,10.5,1.0],"rotation":0,"texture":"#0","tintindex":0},"up":{"uv":[5.0,9.5,3.5,8.0],"rotation":0,"texture":"#0","tintindex":0},"down":{"uv":[6.5,8.0,5.0,9.5],"rotation":0,"texture":"#0","tintindex":0}}},{"from":[6.857143,8.571428,9.714286],"to":[8.0,9.142858,10.285714],"rotation":{"angle":0.0,"axis":"y","origin":[7.428571,8.0,11.428572]},"faces":{"east":{"uv":[2.5,9.0,3.0,9.5],"rotation":0,"texture":"#0","tintindex":0},"south":{"uv":[1.5,9.0,2.5,9.5],"rotation":0,"texture":"#0","tintindex":0},"north":{"uv":[9.0,1.0,10.0,1.5],"rotation":0,"texture":"#0","tintindex":0},"west":{"uv":[9.0,2.5,9.5,3.0],"rotation":0,"texture":"#0","tintindex":0},"up":{"uv":[10.0,2.0,9.0,1.5],"rotation":0,"texture":"#0","tintindex":0},"down":{"uv":[10.0,2.0,9.0,2.5],"rotation":0,"texture":"#0","tintindex":0}}},{"from":[6.857143,8.571428,5.142857],"to":[8.0,9.142858,5.714286],"rotation":{"angle":0.0,"axis":"y","origin":[7.428571,8.0,4.0]},"faces":{"east":{"uv":[3.0,9.0,2.5,9.5],"rotation":0,"texture":"#0","tintindex":0},"south":{"uv":[10.0,1.0,9.0,1.5],"rotation":0,"texture":"#0","tintindex":0},"north":{"uv":[2.5,9.0,1.5,9.5],"rotation":0,"texture":"#0","tintindex":0},"west":{"uv":[9.5,2.5,9.0,3.0],"rotation":0,"texture":"#0","tintindex":0},"up":{"uv":[10.0,1.5,9.0,2.0],"rotation":0,"texture":"#0","tintindex":0},"down":{"uv":[10.0,2.5,9.0,2.0],"rotation":0,"texture":"#0","tintindex":0}}},{"from":[4.8571424,8.571428,7.142857],"to":[5.428571,9.142858,8.285714],"rotation":{"angle":0.0,"axis":"y","origin":[3.7142854,8.0,7.714286]},"faces":{"east":{"uv":[9.0,1.0,10.0,1.5],"rotation":0,"texture":"#0","tintindex":0},"south":{"uv":[2.5,9.0,3.0,9.5],"rotation":0,"texture":"#0","tintindex":0},"north":{"uv":[9.0,2.5,9.5,3.0],"rotation":0,"texture":"#0","tintindex":0},"west":{"uv":[1.5,9.0,2.5,9.5],"rotation":0,"texture":"#0","tintindex":0},"up":{"uv":[10.0,2.0,9.0,1.5],"rotation":90,"texture":"#0","tintindex":0},"down":{"uv":[10.0,2.0,9.0,2.5],"rotation":270,"texture":"#0","tintindex":0}}},{"from":[9.428572,8.571428,7.142857],"to":[10.0,9.142858,8.285714],"rotation":{"angle":0.0,"axis":"y","origin":[11.142858,8.0,7.714286]},"faces":{"east":{"uv":[2.5,9.0,1.5,9.5],"rotation":0,"texture":"#0","tintindex":0},"south":{"uv":[3.0,9.0,2.5,9.5],"rotation":0,"texture":"#0","tintindex":0},"north":{"uv":[9.5,2.5,9.0,3.0],"rotation":0,"texture":"#0","tintindex":0},"west":{"uv":[10.0,1.0,9.0,1.5],"rotation":0,"texture":"#0","tintindex":0},"up":{"uv":[10.0,1.5,9.0,2.0],"rotation":90,"texture":"#0","tintindex":0},"down":{"uv":[10.0,2.5,9.0,2.0],"rotation":270,"texture":"#0","tintindex":0}}},{"from":[4.285714,9.714286,7.714286],"to":[10.571428,13.714286,7.714286],"rotation":{"angle":0.0,"axis":"y","origin":[7.714286,8.0,7.142857]},"faces":{"east":{"uv":[0.0,0.0,0.0,3.5],"rotation":0,"texture":"#0","tintindex":0},"south":{"uv":[0.0,0.0,5.5,3.5],"rotation":0,"texture":"#0","tintindex":0},"north":{"uv":[0.0,0.0,5.5,3.5],"rotation":0,"texture":"#0","tintindex":0},"west":{"uv":[0.0,0.0,0.0,3.5],"rotation":0,"texture":"#0","tintindex":0},"up":{"uv":[5.5,0.0,0.0,0.0],"rotation":0,"texture":"#0","tintindex":0},"down":{"uv":[5.5,0.0,0.0,0.0],"rotation":0,"texture":"#0","tintindex":0}}},{"from":[7.428571,9.714286,4.5714283],"to":[7.428571,13.714286,10.857143],"rotation":{"angle":0.0,"axis":"y","origin":[8.0,8.0,8.0]},"faces":{"east":{"uv":[0.0,0.0,5.5,3.5],"rotation":0,"texture":"#0","tintindex":0},"south":{"uv":[0.0,0.0,0.0,3.5],"rotation":0,"texture":"#0","tintindex":0},"north":{"uv":[0.0,0.0,0.0,3.5],"rotation":0,"texture":"#0","tintindex":0},"west":{"uv":[0.0,0.0,5.5,3.5],"rotation":0,"texture":"#0","tintindex":0},"up":{"uv":[5.5,0.0,0.0,0.0],"rotation":90,"texture":"#0","tintindex":0},"down":{"uv":[5.5,0.0,0.0,0.0],"rotation":270,"texture":"#0","tintindex":0}}}],"display":{"head":{"translation":[0.0,-6.4,0.0],"scale":[4.0,4.0,4.0]}}}