{"textures":{"0":"modelengine:entity/invader"},"elements":[{"from":[6.285714,8.177272,5.3080616],"to":[9.714286,10.462987,8.736633],"rotation":{"angle":0.0,"axis":"y","origin":[8.0,-4.9655857,5.3080616]},"faces":{"east":{"uv":[3.5,3.0,5.0,4.0],"rotation":0,"texture":"#0","tintindex":0},"south":{"uv":[3.5,4.0,5.0,5.0],"rotation":0,"texture":"#0","tintindex":0},"north":{"uv":[3.5,2.0,5.0,3.0],"rotation":0,"texture":"#0","tintindex":0},"west":{"uv":[0.0,4.25,1.5,5.25],"rotation":0,"texture":"#0","tintindex":0},"up":{"uv":[3.5,1.5,2.0,0.0],"rotation":0,"texture":"#0","tintindex":0},"down":{"uv":[3.5,1.5,2.0,3.0],"rotation":0,"texture":"#0","tintindex":0}}},{"from":[6.857143,6.9655848,5.549081],"to":[9.142858,8.679871,7.8347955],"rotation":{"angle":-22.5,"axis":"x","origin":[8.857143,7.8227277,6.6919384]},"faces":{"east":{"uv":[6.0,6.25,7.0,7.0],"rotation":0,"texture":"#0","tintindex":0},"south":{"uv":[6.5,0.0,7.5,0.75],"rotation":0,"texture":"#0","tintindex":0},"north":{"uv":[6.25,3.75,7.25,4.5],"rotation":0,"texture":"#0","tintindex":0},"west":{"uv":[6.5,0.75,7.5,1.5],"rotation":0,"texture":"#0","tintindex":0},"up":{"uv":[2.5,6.25,1.5,5.25],"rotation":0,"texture":"#0","tintindex":0},"down":{"uv":[6.5,0.0,5.5,1.0],"rotation":0,"texture":"#0","tintindex":0}}}],"display":{"head":{"translation":[0.0,-6.4,0.0],"scale":[4.0,4.0,4.0]}}}