{"textures":{"0":"modelengine:entity/invader"},"elements":[{"from":[6.857143,5.428571,7.428571],"to":[8.0,8.857143,8.571428],"rotation":{"angle":0.0,"axis":"y","origin":[7.714286,7.714286,8.0]},"faces":{"east":{"uv":[7.0,6.25,7.5,7.75],"rotation":0,"texture":"#0","tintindex":0},"south":{"uv":[7.25,3.25,7.75,4.75],"rotation":0,"texture":"#0","tintindex":0},"north":{"uv":[6.25,7.0,6.75,8.5],"rotation":0,"texture":"#0","tintindex":0},"west":{"uv":[7.25,4.75,7.75,6.25],"rotation":0,"texture":"#0","tintindex":0},"up":{"uv":[2.0,8.75,1.5,8.25],"rotation":0,"texture":"#0","tintindex":0},"down":{"uv":[8.75,2.25,8.25,2.75],"rotation":0,"texture":"#0","tintindex":0}}}],"display":{"head":{"translation":[0.0,-6.4,0.0],"scale":[4.0,4.0,4.0]}}}