{"textures":{"0":"modelengine:entity/invader"},"elements":[{"from":[7.142857,5.0,7.142857],"to":[8.285714,8.428572,8.857143],"rotation":{"angle":0.0,"axis":"y","origin":[7.142857,7.5714283,8.285714]},"faces":{"east":{"uv":[1.5,5.25,0.75,6.75],"rotation":0,"texture":"#0","tintindex":0},"south":{"uv":[2.5,6.25,2.0,7.75],"rotation":0,"texture":"#0","tintindex":0},"north":{"uv":[2.0,6.25,1.5,7.75],"rotation":0,"texture":"#0","tintindex":0},"west":{"uv":[0.75,5.25,0.0,6.75],"rotation":0,"texture":"#0","tintindex":0},"up":{"uv":[3.0,5.0,3.5,4.25],"rotation":0,"texture":"#0","tintindex":0},"down":{"uv":[2.0,7.75,2.5,8.5],"rotation":0,"texture":"#0","tintindex":0}}},{"from":[7.142857,4.428571,6.5714283],"to":[8.285714,5.5714283,7.142857],"rotation":{"angle":0.0,"axis":"y","origin":[6.5714283,5.285714,8.285714]},"faces":{"east":{"uv":[8.5,7.25,8.25,7.75],"rotation":0,"texture":"#0","tintindex":0},"south":{"uv":[7.25,3.25,6.75,3.75],"rotation":0,"texture":"#0","tintindex":0},"north":{"uv":[3.0,5.25,2.5,5.75],"rotation":0,"texture":"#0","tintindex":0},"west":{"uv":[6.75,2.5,6.5,3.0],"rotation":0,"texture":"#0","tintindex":0},"up":{"uv":[4.25,6.75,4.75,6.5],"rotation":0,"texture":"#0","tintindex":0},"down":{"uv":[5.25,6.75,5.75,7.0],"rotation":0,"texture":"#0","tintindex":0}}}],"display":{"head":{"translation":[0.0,-6.4,0.0],"scale":[4.0,4.0,4.0]}}}