{"textures":{"0":"modelengine:entity/invader"},"elements":[{"from":[7.428571,5.142857,8.0],"to":[8.571428,8.0,9.142858],"rotation":{"angle":0.0,"axis":"y","origin":[6.857143,9.428572,9.142858]},"faces":{"east":{"uv":[3.5,7.5,3.0,8.75],"rotation":0,"texture":"#0","tintindex":0},"south":{"uv":[3.0,7.5,2.5,8.75],"rotation":0,"texture":"#0","tintindex":0},"north":{"uv":[8.0,0.0,7.5,1.25],"rotation":0,"texture":"#0","tintindex":0},"west":{"uv":[8.0,1.25,7.5,2.5],"rotation":0,"texture":"#0","tintindex":0},"up":{"uv":[7.75,6.25,8.25,5.75],"rotation":0,"texture":"#0","tintindex":0},"down":{"uv":[0.5,8.25,1.0,8.75],"rotation":0,"texture":"#0","tintindex":0}}},{"from":[7.428571,4.5714283,7.428571],"to":[8.571428,5.142857,9.142858],"rotation":{"angle":0.0,"axis":"y","origin":[6.857143,8.857143,9.142858]},"faces":{"east":{"uv":[7.0,4.5,6.25,4.75],"rotation":0,"texture":"#0","tintindex":0},"south":{"uv":[8.75,7.75,8.25,8.0],"rotation":0,"texture":"#0","tintindex":0},"north":{"uv":[8.75,3.75,8.25,4.0],"rotation":0,"texture":"#0","tintindex":0},"west":{"uv":[5.75,4.75,5.0,5.0],"rotation":0,"texture":"#0","tintindex":0},"up":{"uv":[7.75,3.25,8.25,2.5],"rotation":0,"texture":"#0","tintindex":0},"down":{"uv":[7.75,3.25,8.25,4.0],"rotation":0,"texture":"#0","tintindex":0}}}],"display":{"head":{"translation":[0.0,-6.4,0.0],"scale":[4.0,4.0,4.0]}}}