{"textures":{"0":"modelengine:entity/invader"},"elements":[{"from":[7.714286,5.0,7.142857],"to":[8.857143,8.428572,8.857143],"rotation":{"angle":0.0,"axis":"y","origin":[8.857143,7.5714283,8.285714]},"faces":{"east":{"uv":[0.0,5.25,0.75,6.75],"rotation":0,"texture":"#0","tintindex":0},"south":{"uv":[2.0,6.25,2.5,7.75],"rotation":0,"texture":"#0","tintindex":0},"north":{"uv":[1.5,6.25,2.0,7.75],"rotation":0,"texture":"#0","tintindex":0},"west":{"uv":[0.75,5.25,1.5,6.75],"rotation":0,"texture":"#0","tintindex":0},"up":{"uv":[3.5,5.0,3.0,4.25],"rotation":0,"texture":"#0","tintindex":0},"down":{"uv":[2.5,7.75,2.0,8.5],"rotation":0,"texture":"#0","tintindex":0}}},{"from":[7.714286,4.428571,6.5714283],"to":[8.857143,5.5714283,7.142857],"rotation":{"angle":0.0,"axis":"y","origin":[9.428572,5.285714,8.285714]},"faces":{"east":{"uv":[6.5,2.5,6.75,3.0],"rotation":0,"texture":"#0","tintindex":0},"south":{"uv":[6.75,3.25,7.25,3.75],"rotation":0,"texture":"#0","tintindex":0},"north":{"uv":[2.5,5.25,3.0,5.75],"rotation":0,"texture":"#0","tintindex":0},"west":{"uv":[8.25,7.25,8.5,7.75],"rotation":0,"texture":"#0","tintindex":0},"up":{"uv":[4.75,6.75,4.25,6.5],"rotation":0,"texture":"#0","tintindex":0},"down":{"uv":[5.75,6.75,5.25,7.0],"rotation":0,"texture":"#0","tintindex":0}}}],"display":{"head":{"translation":[0.0,-6.4,0.0],"scale":[4.0,4.0,4.0]}}}