{"textures":{"0":"modelengine:entity/invader"},"elements":[{"from":[7.285714,6.285714,7.142857],"to":[8.428572,8.0,8.857143],"rotation":{"angle":0.0,"axis":"y","origin":[7.5714283,6.857143,7.714286]},"faces":{"east":{"uv":[8.25,7.0,7.5,7.75],"rotation":0,"texture":"#0","tintindex":0},"south":{"uv":[8.25,7.75,7.75,8.5],"rotation":0,"texture":"#0","tintindex":0},"north":{"uv":[7.75,7.75,7.25,8.5],"rotation":0,"texture":"#0","tintindex":0},"west":{"uv":[8.25,6.25,7.5,7.0],"rotation":0,"texture":"#0","tintindex":0},"up":{"uv":[8.0,0.75,8.5,0.0],"rotation":0,"texture":"#0","tintindex":0},"down":{"uv":[8.0,0.75,8.5,1.5],"rotation":0,"texture":"#0","tintindex":0}}},{"from":[6.714286,6.857143,7.142857],"to":[7.857143,8.0,8.285714],"rotation":{"angle":0.0,"axis":"y","origin":[7.0,6.857143,7.714286]},"faces":{"east":{"uv":[8.75,5.0,8.25,5.5],"rotation":0,"texture":"#0","tintindex":0},"south":{"uv":[5.0,8.25,4.5,8.75],"rotation":0,"texture":"#0","tintindex":0},"north":{"uv":[4.0,8.25,3.5,8.75],"rotation":0,"texture":"#0","tintindex":0},"west":{"uv":[4.5,8.25,4.0,8.75],"rotation":0,"texture":"#0","tintindex":0},"up":{"uv":[8.25,6.0,8.75,5.5],"rotation":0,"texture":"#0","tintindex":0},"down":{"uv":[8.25,6.0,8.75,6.5],"rotation":0,"texture":"#0","tintindex":0}}}],"display":{"head":{"translation":[0.0,-6.4,0.0],"scale":[4.0,4.0,4.0]}}}