{"textures":{"0":"modelengine:entity/invader"},"elements":[{"from":[8.0,5.428571,7.428571],"to":[9.142858,8.857143,8.571428],"rotation":{"angle":0.0,"axis":"y","origin":[8.285714,7.714286,8.0]},"faces":{"east":{"uv":[7.75,4.75,7.25,6.25],"rotation":0,"texture":"#0","tintindex":0},"south":{"uv":[7.75,3.25,7.25,4.75],"rotation":0,"texture":"#0","tintindex":0},"north":{"uv":[6.75,7.0,6.25,8.5],"rotation":0,"texture":"#0","tintindex":0},"west":{"uv":[7.5,6.25,7.0,7.75],"rotation":0,"texture":"#0","tintindex":0},"up":{"uv":[1.5,8.75,2.0,8.25],"rotation":0,"texture":"#0","tintindex":0},"down":{"uv":[8.25,2.25,8.75,2.75],"rotation":0,"texture":"#0","tintindex":0}}}],"display":{"head":{"translation":[0.0,-6.4,0.0],"scale":[4.0,4.0,4.0]}}}