{"textures":{"0":"modelengine:entity/invader"},"elements":[{"from":[7.428571,6.285714,6.857143],"to":[8.571428,8.0,8.0],"rotation":{"angle":0.0,"axis":"y","origin":[7.714286,6.857143,7.428571]},"faces":{"east":{"uv":[7.25,7.75,6.75,8.5],"rotation":0,"texture":"#0","tintindex":0},"south":{"uv":[6.0,7.75,5.5,8.5],"rotation":0,"texture":"#0","tintindex":0},"north":{"uv":[5.5,7.75,5.0,8.5],"rotation":0,"texture":"#0","tintindex":0},"west":{"uv":[8.25,5.0,7.75,5.75],"rotation":0,"texture":"#0","tintindex":0},"up":{"uv":[8.25,3.25,8.75,2.75],"rotation":0,"texture":"#0","tintindex":0},"down":{"uv":[8.25,3.25,8.75,3.75],"rotation":0,"texture":"#0","tintindex":0}}},{"from":[7.857143,4.5714283,6.857143],"to":[8.428572,6.285714,8.0],"rotation":{"angle":0.0,"axis":"y","origin":[7.5714283,5.142857,6.857143]},"faces":{"east":{"uv":[0.5,8.25,0.0,9.0],"rotation":0,"texture":"#0","tintindex":0},"south":{"uv":[8.5,6.5,8.25,7.25],"rotation":0,"texture":"#0","tintindex":0},"north":{"uv":[7.0,7.0,6.75,7.75],"rotation":0,"texture":"#0","tintindex":0},"west":{"uv":[8.5,1.5,8.0,2.25],"rotation":0,"texture":"#0","tintindex":0},"up":{"uv":[8.25,8.5,8.5,8.0],"rotation":0,"texture":"#0","tintindex":0},"down":{"uv":[8.5,0.0,8.75,0.5],"rotation":0,"texture":"#0","tintindex":0}}}],"display":{"head":{"translation":[0.0,-6.4,0.0],"scale":[4.0,4.0,4.0]}}}