{"textures":{"0":"modelengine:entity/invadership","2":"modelengine:entity/invadership_aggro"},"elements":[{"from":[4.5714283,12.0,4.5714283],"to":[4.5714283,21.714287,11.428572],"rotation":{"angle":0.0,"axis":"y","origin":[8.0,-0.57142925,8.0]},"faces":{"east":{"uv":[6.125,4.5,7.625,6.625],"rotation":0,"texture":"#2","tintindex":0},"south":{"uv":[0.0,0.0,0.0,2.125],"rotation":0,"texture":"#2","tintindex":0},"north":{"uv":[0.0,0.0,0.0,2.125],"rotation":0,"texture":"#2","tintindex":0},"west":{"uv":[6.25,4.5,7.75,6.625],"rotation":0,"texture":"#2","tintindex":0},"up":{"uv":[0.0,1.5,0.0,0.0],"rotation":0,"texture":"#2","tintindex":0},"down":{"uv":[0.0,0.0,0.0,1.5],"rotation":0,"texture":"#2","tintindex":0}}},{"from":[4.5714283,21.714287,4.5714283],"to":[11.428572,21.714287,11.428572],"rotation":{"angle":0.0,"axis":"y","origin":[8.0,-0.57142925,8.0]},"faces":{"east":{"uv":[0.0,0.0,1.5,0.0],"rotation":0,"texture":"#0","tintindex":0},"south":{"uv":[0.0,0.0,1.5,0.0],"rotation":0,"texture":"#0","tintindex":0},"north":{"uv":[0.0,0.0,1.5,0.0],"rotation":0,"texture":"#0","tintindex":0},"west":{"uv":[0.0,0.0,1.5,0.0],"rotation":0,"texture":"#0","tintindex":0},"up":{"uv":[9.25,6.0,7.75,4.5],"rotation":0,"texture":"#0","tintindex":0},"down":{"uv":[9.125,4.5,7.625,6.0],"rotation":0,"texture":"#0","tintindex":0}}},{"from":[4.5714283,12.0,4.5714283],"to":[11.428572,21.714287,4.5714283],"rotation":{"angle":0.0,"axis":"y","origin":[8.0,-0.57142925,8.0]},"faces":{"east":{"uv":[0.0,0.0,0.0,2.125],"rotation":0,"texture":"#0","tintindex":0},"south":{"uv":[6.125,4.5,7.625,6.625],"rotation":0,"texture":"#0","tintindex":0},"north":{"uv":[6.25,4.5,7.75,6.625],"rotation":0,"texture":"#0","tintindex":0},"west":{"uv":[0.0,0.0,0.0,2.125],"rotation":0,"texture":"#0","tintindex":0},"up":{"uv":[0.0,1.5,0.0,0.0],"rotation":90,"texture":"#0","tintindex":0},"down":{"uv":[0.0,0.0,0.0,1.5],"rotation":270,"texture":"#0","tintindex":0}}},{"from":[11.428572,12.0,4.5714283],"to":[11.428572,21.714287,11.428572],"rotation":{"angle":0.0,"axis":"y","origin":[8.0,-0.57142925,8.0]},"faces":{"east":{"uv":[7.75,4.5,6.25,6.625],"rotation":0,"texture":"#0","tintindex":0},"south":{"uv":[0.0,0.0,0.0,2.125],"rotation":0,"texture":"#0","tintindex":0},"north":{"uv":[0.0,0.0,0.0,2.125],"rotation":0,"texture":"#0","tintindex":0},"west":{"uv":[7.625,4.5,6.125,6.625],"rotation":0,"texture":"#0","tintindex":0},"up":{"uv":[0.0,1.5,0.0,0.0],"rotation":0,"texture":"#0","tintindex":0},"down":{"uv":[0.0,0.0,0.0,1.5],"rotation":0,"texture":"#0","tintindex":0}}},{"from":[4.5714283,12.0,11.428572],"to":[11.428572,21.714287,11.428572],"rotation":{"angle":0.0,"axis":"y","origin":[8.0,-0.57142925,8.0]},"faces":{"east":{"uv":[0.0,0.0,0.0,2.125],"rotation":0,"texture":"#0","tintindex":0},"south":{"uv":[7.75,4.5,6.25,6.625],"rotation":0,"texture":"#0","tintindex":0},"north":{"uv":[7.625,4.5,6.125,6.625],"rotation":0,"texture":"#0","tintindex":0},"west":{"uv":[0.0,0.0,0.0,2.125],"rotation":0,"texture":"#0","tintindex":0},"up":{"uv":[0.0,1.5,0.0,0.0],"rotation":90,"texture":"#0","tintindex":0},"down":{"uv":[0.0,0.0,0.0,1.5],"rotation":270,"texture":"#0","tintindex":0}}},{"from":[-2.8571434,4.5714283,-2.8571434],"to":[18.857143,9.714286,18.857143],"rotation":{"angle":0.0,"axis":"y","origin":[8.0,-0.57142925,8.0]},"faces":{"east":{"uv":[4.75,0.0,9.5,1.125],"rotation":0,"texture":"#2","tintindex":0},"south":{"uv":[4.75,0.0,9.5,1.125],"rotation":0,"texture":"#2","tintindex":0},"north":{"uv":[4.75,0.0,9.5,1.125],"rotation":0,"texture":"#2","tintindex":0},"west":{"uv":[4.75,0.0,9.5,1.125],"rotation":0,"texture":"#2","tintindex":0},"up":{"uv":[4.75,4.75,0.0,0.0],"rotation":0,"texture":"#2","tintindex":0},"down":{"uv":[4.75,4.75,0.0,9.5],"rotation":0,"texture":"#2","tintindex":0}}},{"from":[5.714286,9.714286,3.4285712],"to":[10.285714,12.0,5.714286],"rotation":{"angle":0.0,"axis":"y","origin":[8.0,-0.57142925,8.0]},"faces":{"east":{"uv":[7.75,6.0,8.25,6.5],"rotation":0,"texture":"#0","tintindex":0},"south":{"uv":[9.5,0.5,10.5,1.0],"rotation":0,"texture":"#0","tintindex":0},"north":{"uv":[9.5,0.0,10.5,0.5],"rotation":0,"texture":"#0","tintindex":0},"west":{"uv":[4.25,9.5,4.75,10.0],"rotation":0,"texture":"#0","tintindex":0},"up":{"uv":[1.75,10.0,0.75,9.5],"rotation":0,"texture":"#0","tintindex":0},"down":{"uv":[10.5,1.0,9.5,1.5],"rotation":0,"texture":"#0","tintindex":0}}},{"from":[5.714286,9.714286,10.285714],"to":[10.285714,12.0,12.571428],"rotation":{"angle":0.0,"axis":"y","origin":[8.0,-0.57142925,8.0]},"faces":{"east":{"uv":[6.75,9.75,7.25,10.25],"rotation":0,"texture":"#0","tintindex":0},"south":{"uv":[1.75,9.5,2.75,10.0],"rotation":0,"texture":"#0","tintindex":0},"north":{"uv":[9.5,1.5,10.5,2.0],"rotation":0,"texture":"#0","tintindex":0},"west":{"uv":[7.25,9.75,7.75,10.25],"rotation":0,"texture":"#0","tintindex":0},"up":{"uv":[10.5,2.5,9.5,2.0],"rotation":0,"texture":"#0","tintindex":0},"down":{"uv":[10.5,2.5,9.5,3.0],"rotation":0,"texture":"#0","tintindex":0}}},{"from":[10.285714,9.714286,3.4285712],"to":[12.571428,12.0,12.571428],"rotation":{"angle":0.0,"axis":"y","origin":[8.0,-0.57142925,8.0]},"faces":{"east":{"uv":[8.25,7.5,10.25,8.0],"rotation":0,"texture":"#0","tintindex":0},"south":{"uv":[7.75,9.875,8.25,10.375],"rotation":0,"texture":"#0","tintindex":0},"north":{"uv":[9.75,8.5,10.25,9.0],"rotation":0,"texture":"#0","tintindex":0},"west":{"uv":[8.25,8.0,10.25,8.5],"rotation":0,"texture":"#0","tintindex":0},"up":{"uv":[5.25,10.375,4.75,8.375],"rotation":0,"texture":"#0","tintindex":0},"down":{"uv":[5.75,8.375,5.25,10.375],"rotation":0,"texture":"#0","tintindex":0}}},{"from":[3.4285712,9.714286,3.4285712],"to":[5.714286,12.0,12.571428],"rotation":{"angle":0.0,"axis":"y","origin":[8.0,-0.57142925,8.0]},"faces":{"east":{"uv":[5.75,8.375,7.75,8.875],"rotation":0,"texture":"#2","tintindex":0},"south":{"uv":[9.5,9.875,10.0,10.375],"rotation":0,"texture":"#2","tintindex":0},"north":{"uv":[8.25,9.875,8.75,10.375],"rotation":0,"texture":"#2","tintindex":0},"west":{"uv":[7.75,8.5,9.75,9.0],"rotation":0,"texture":"#2","tintindex":0},"up":{"uv":[6.25,10.875,5.75,8.875],"rotation":0,"texture":"#2","tintindex":0},"down":{"uv":[6.75,8.875,6.25,10.875],"rotation":0,"texture":"#2","tintindex":0}}},{"from":[4.0,2.8571424,4.0],"to":[12.0,4.5714283,12.0],"rotation":{"angle":0.0,"axis":"y","origin":[8.0,-0.57142925,8.0]},"faces":{"east":{"uv":[9.25,4.5,11.0,4.875],"rotation":0,"texture":"#2","tintindex":0},"south":{"uv":[9.25,4.875,11.0,5.25],"rotation":0,"texture":"#2","tintindex":0},"north":{"uv":[8.75,9.0,10.5,9.375],"rotation":0,"texture":"#2","tintindex":0},"west":{"uv":[9.25,5.25,11.0,5.625],"rotation":0,"texture":"#2","tintindex":0},"up":{"uv":[6.5,8.375,4.75,6.625],"rotation":0,"texture":"#2","tintindex":0},"down":{"uv":[8.25,6.625,6.5,8.375],"rotation":0,"texture":"#2","tintindex":0}}},{"from":[5.714286,9.714286,8.0],"to":[10.285714,13.714286,10.285714],"rotation":{"angle":0.0,"axis":"y","origin":[8.0,-0.57142925,8.0]},"faces":{"east":{"uv":[9.5,3.5,10.0,4.375],"rotation":0,"texture":"#0","tintindex":0},"south":{"uv":[7.75,9.0,8.75,9.875],"rotation":0,"texture":"#0","tintindex":0},"north":{"uv":[6.75,8.875,7.75,9.75],"rotation":0,"texture":"#0","tintindex":0},"west":{"uv":[3.75,9.5,4.25,10.375],"rotation":0,"texture":"#0","tintindex":0},"up":{"uv":[3.75,10.0,2.75,9.5],"rotation":0,"texture":"#0","tintindex":0},"down":{"uv":[10.5,3.0,9.5,3.5],"rotation":0,"texture":"#0","tintindex":0}}},{"from":[6.285714,14.857143,6.857143],"to":[9.714286,17.142857,10.285714],"rotation":{"angle":0.0,"axis":"y","origin":[8.0,-0.57142925,8.0]},"faces":{"east":{"uv":[9.75,5.625,10.5,6.125],"rotation":0,"texture":"#0","tintindex":0},"south":{"uv":[9.75,6.125,10.5,6.625],"rotation":0,"texture":"#0","tintindex":0},"north":{"uv":[9.5,9.375,10.25,9.875],"rotation":0,"texture":"#0","tintindex":0},"west":{"uv":[9.75,6.625,10.5,7.125],"rotation":0,"texture":"#0","tintindex":0},"up":{"uv":[9.5,10.125,8.75,9.375],"rotation":0,"texture":"#0","tintindex":0},"down":{"uv":[0.75,9.5,0.0,10.25],"rotation":0,"texture":"#0","tintindex":0}}},{"from":[6.857143,13.714286,6.857143],"to":[9.142858,14.857143,9.142858],"rotation":{"angle":0.0,"axis":"y","origin":[8.0,-0.57142925,8.0]},"faces":{"east":{"uv":[9.75,7.125,10.25,7.375],"rotation":0,"texture":"#0","tintindex":0},"south":{"uv":[1.75,10.0,2.25,10.25],"rotation":0,"texture":"#0","tintindex":0},"north":{"uv":[9.25,5.625,9.75,5.875],"rotation":0,"texture":"#0","tintindex":0},"west":{"uv":[2.25,10.0,2.75,10.25],"rotation":0,"texture":"#0","tintindex":0},"up":{"uv":[1.25,10.5,0.75,10.0],"rotation":0,"texture":"#0","tintindex":0},"down":{"uv":[1.75,10.0,1.25,10.5],"rotation":0,"texture":"#0","tintindex":0}}}],"display":{"head":{"translation":[0.0,-6.4,0.0],"scale":[4.0,4.0,4.0]}}}