{"parent":"minecraft:item/generated","textures":{"layer0":"minecraft:item/leather_horse_armor"},"overrides":[{"predicate":{"custom_model_data":1},"model":"modelengine:cutter/cutter"},{"predicate":{"custom_model_data":2},"model":"modelengine:hologram/hologram"},{"predicate":{"custom_model_data":3},"model":"modelengine:invader/torso"},{"predicate":{"custom_model_data":4},"model":"modelengine:invader/head"},{"predicate":{"custom_model_data":5},"model":"modelengine:invader/left_arm"},{"predicate":{"custom_model_data":6},"model":"modelengine:invader/left_forearm"},{"predicate":{"custom_model_data":7},"model":"modelengine:invader/left_hand"},{"predicate":{"custom_model_data":8},"model":"modelengine:invader/right_leg"},{"predicate":{"custom_model_data":9},"model":"modelengine:invader/right_forearm"},{"predicate":{"custom_model_data":10},"model":"modelengine:invader/right_arm"},{"predicate":{"custom_model_data":11},"model":"modelengine:invader/right_forearm2"},{"predicate":{"custom_model_data":12},"model":"modelengine:invader/right_hand_gun"},{"predicate":{"custom_model_data":13},"model":"modelengine:invader/left_leg"},{"predicate":{"custom_model_data":14},"model":"modelengine:invader/left_forearm2"},{"predicate":{"custom_model_data":15},"model":"modelengine:invader/hp_bar"},{"predicate":{"custom_model_data":16},"model":"modelengine:invadergrenade/grenade"},{"predicate":{"custom_model_data":17},"model":"modelengine:invadership/shipattachment"},{"predicate":{"custom_model_data":18},"model":"modelengine:invadership/shiplasergun"},{"predicate":{"custom_model_data":19},"model":"modelengine:invadership/invadership"},{"predicate":{"custom_model_data":20},"model":"modelengine:invadership_aggro/shipattachment"},{"predicate":{"custom_model_data":21},"model":"modelengine:invadership_aggro/shiplasergun"},{"predicate":{"custom_model_data":22},"model":"modelengine:invadership_aggro/invadership"},{"predicate":{"custom_model_data":23},"model":"modelengine:invadershipdead/shipattachment"},{"predicate":{"custom_model_data":24},"model":"modelengine:invadershipdead/shiplasergun"},{"predicate":{"custom_model_data":25},"model":"modelengine:invadershipdead/invadership"},{"predicate":{"custom_model_data":26},"model":"modelengine:invadershipweapon/shipattachment"},{"predicate":{"custom_model_data":27},"model":"modelengine:invadershipweapon/shiplasergun"},{"predicate":{"custom_model_data":28},"model":"modelengine:invaderweapons/torso_gun"},{"predicate":{"custom_model_data":29},"model":"modelengine:invaderweapons/left_hand_grenade"},{"predicate":{"custom_model_data":30},"model":"modelengine:invaderweapons/right_hand_gun"},{"predicate":{"custom_model_data":31},"model":"modelengine:lr_healthbar/1"},{"predicate":{"custom_model_data":32},"model":"modelengine:lr_healthbar/2"},{"predicate":{"custom_model_data":33},"model":"modelengine:lr_healthbar/3"},{"predicate":{"custom_model_data":34},"model":"modelengine:lr_healthbar/4"},{"predicate":{"custom_model_data":35},"model":"modelengine:lr_healthbar/5"},{"predicate":{"custom_model_data":36},"model":"modelengine:lr_healthbar/6"},{"predicate":{"custom_model_data":37},"model":"modelengine:lr_healthbar/7"},{"predicate":{"custom_model_data":38},"model":"modelengine:lr_healthbar/8"},{"predicate":{"custom_model_data":39},"model":"modelengine:lr_healthbar/9"},{"predicate":{"custom_model_data":40},"model":"modelengine:lr_healthbar/10"},{"predicate":{"custom_model_data":41},"model":"modelengine:lr_healthbar/11"},{"predicate":{"custom_model_data":42},"model":"modelengine:lr_healthbar/12"},{"predicate":{"custom_model_data":43},"model":"modelengine:lr_healthbar/13"},{"predicate":{"custom_model_data":44},"model":"modelengine:lr_healthbar/14"},{"predicate":{"custom_model_data":45},"model":"modelengine:lr_healthbar/15"},{"predicate":{"custom_model_data":46},"model":"modelengine:lr_healthbar/16"},{"predicate":{"custom_model_data":47},"model":"modelengine:lr_healthbar/17"},{"predicate":{"custom_model_data":48},"model":"modelengine:lr_healthbar/18"},{"predicate":{"custom_model_data":49},"model":"modelengine:lr_healthbar/19"},{"predicate":{"custom_model_data":50},"model":"modelengine:lr_healthbar/20"}]}