{
   "littleroom.invader.invader_explosion":{
		 "sounds": [
			"littleroom/invader/invader_explosion"
		 ]
	},
   "littleroom.invader.invader_melee1":{
		 "sounds": [
			"littleroom/invader/invader_melee1"
		 ]
   },
   "littleroom.invader.invader_melee2":{
		 "sounds": [
			"littleroom/invader/invader_melee2"
		 ]
	},
   "littleroom.invader.invader_melee3":{
		 "sounds": [
			"littleroom/invader/invader_melee3"
		 ]
	},
   "littleroom.invader.invader_shot":{
		 "sounds": [
			"littleroom/invader/invader_shot"
		 ]
	},
   "littleroom.invader.invader_vocal1":{
		 "sounds": [
			"littleroom/invader/invader_vocal1"
		 ]
	},
   "littleroom.invader.invader_vocal2":{
		 "sounds": [
			"littleroom/invader/invader_vocal2"
		 ]
	},
   "littleroom.invader.invader_vocal3":{
		 "sounds": [
			"littleroom/invader/invader_vocal3"
		 ]
	},
   "littleroom.invader.invader_equip":{
		 "sounds": [
			"littleroom/invader/invader_equip"
		 ]
	},
   "littleroom.invader.invader_holster":{
		 "sounds": [
			"littleroom/invader/invader_holster"
		 ]
	},
   "littleroom.invader.invader_death":{
		 "sounds": [
			"littleroom/invader/invader_death"
		 ]
	},
   "littleroom.invader.cutter_spawn":{
		 "sounds": [
			"littleroom/invader/cutter_spawn"
		 ]
	},
   "littleroom.invader.cutter_loop":{
		 "sounds": [
			"littleroom/invader/cutter_loop"
		 ]
	},
   "littleroom.invader.cutter_idle":{
		 "sounds": [
			"littleroom/invader/cutter_idle"
		 ]
	},
   "littleroom.invader.cutter_hit":{
		 "sounds": [
			"littleroom/invader/cutter_hit"
		 ]
	},
   "littleroom.invader.cutter_deployed":{
		 "sounds": [
			"littleroom/invader/cutter_deployed"
		 ]
	},
   "littleroom.invader.cutter_death":{
		 "sounds": [
			"littleroom/invader/cutter_death"
		 ]
	},
   "littleroom.invader.grenade_land":{
		 "sounds": [
			"littleroom/invader/grenade_land"
		 ]
	},
   "littleroom.invader.grenade_equip":{
		 "sounds": [
			"littleroom/invader/grenade_equip"
		 ]
	},
   "littleroom.invader.grenade_warn":{
		 "sounds": [
			"littleroom/invader/grenade_warn"
		 ]
	},
   "littleroom.invader.invadership_loop":{
		 "sounds": [
			"littleroom/invader/invadership_loop"
		 ]
	},
   "littleroom.invader.invadership_laser":{
		 "sounds": [
			"littleroom/invader/invadership_laser"
		 ]
	},
   "littleroom.invader.invadership_alert_loop20ticks":{
		 "sounds": [
			"littleroom/invader/invadership_alert_loop20ticks"
		 ]
	},
   "littleroom.invader.invadership_death":{
		 "sounds": [
			"littleroom/invader/invadership_death"
		 ]
	},
   "littleroom.invader.invadership_slide":{
		 "sounds": [
			"littleroom/invader/invadership_slide"
		 ]
	}
}
