{"textures":{"0":"modelengine:entity/cutter"},"elements":[{"from":[6.5714283,8.571428,6.650918],"to":[9.428572,9.714286,10.07949],"rotation":{"angle":0.0,"axis":"y","origin":[7.714286,6.857143,8.365204]},"faces":{"east":{"uv":[8.0,6.0,11.0,7.0],"rotation":0,"texture":"#0","tintindex":0},"south":{"uv":[8.5,0.0,11.0,1.0],"rotation":0,"texture":"#0","tintindex":0},"north":{"uv":[8.0,8.0,10.5,9.0],"rotation":0,"texture":"#0","tintindex":0},"west":{"uv":[8.0,7.0,11.0,8.0],"rotation":0,"texture":"#0","tintindex":0},"up":{"uv":[8.5,3.0,6.0,0.0],"rotation":0,"texture":"#0","tintindex":0},"down":{"uv":[8.5,3.0,6.0,6.0],"rotation":0,"texture":"#0","tintindex":0}}},{"from":[5.428571,8.571428,6.650918],"to":[6.5714283,9.142858,8.365204],"rotation":{"angle":0.0,"axis":"y","origin":[7.714286,6.857143,8.365204]},"faces":{"east":{"uv":[10.0,10.0,11.5,10.5],"rotation":0,"texture":"#0","tintindex":0},"south":{"uv":[7.0,10.5,8.0,11.0],"rotation":0,"texture":"#0","tintindex":0},"north":{"uv":[10.5,5.5,11.5,6.0],"rotation":0,"texture":"#0","tintindex":0},"west":{"uv":[10.5,5.0,12.0,5.5],"rotation":0,"texture":"#0","tintindex":0},"up":{"uv":[9.5,5.5,8.5,4.0],"rotation":0,"texture":"#0","tintindex":0},"down":{"uv":[9.0,9.0,8.0,10.5],"rotation":0,"texture":"#0","tintindex":0}}},{"from":[9.428572,8.571428,6.650918],"to":[10.571428,9.142858,8.365204],"rotation":{"angle":0.0,"axis":"y","origin":[7.714286,6.857143,8.365204]},"faces":{"east":{"uv":[10.0,9.0,11.5,9.5],"rotation":0,"texture":"#0","tintindex":0},"south":{"uv":[7.0,10.0,8.0,10.5],"rotation":0,"texture":"#0","tintindex":0},"north":{"uv":[8.5,5.5,9.5,6.0],"rotation":0,"texture":"#0","tintindex":0},"west":{"uv":[10.0,9.5,11.5,10.0],"rotation":0,"texture":"#0","tintindex":0},"up":{"uv":[9.5,2.5,8.5,1.0],"rotation":0,"texture":"#0","tintindex":0},"down":{"uv":[9.5,2.5,8.5,4.0],"rotation":0,"texture":"#0","tintindex":0}}},{"from":[7.714286,9.16819,7.110614],"to":[8.285714,11.453904,9.396328],"rotation":{"angle":22.5,"axis":"x","origin":[9.142858,10.596762,8.253471]},"faces":{"east":{"uv":[6.0,6.0,8.0,8.0],"rotation":0,"texture":"#0","tintindex":0},"south":{"uv":[9.5,1.0,10.0,3.0],"rotation":0,"texture":"#0","tintindex":0},"north":{"uv":[9.0,9.0,9.5,11.0],"rotation":0,"texture":"#0","tintindex":0},"west":{"uv":[6.0,8.0,8.0,10.0],"rotation":0,"texture":"#0","tintindex":0},"up":{"uv":[10.0,5.0,9.5,3.0],"rotation":0,"texture":"#0","tintindex":0},"down":{"uv":[10.0,9.0,9.5,11.0],"rotation":0,"texture":"#0","tintindex":0}}},{"from":[4.5714283,8.0,4.936632],"to":[11.428572,8.0,11.793776],"rotation":{"angle":0.0,"axis":"y","origin":[8.0,6.857143,8.365204]},"faces":{"east":{"uv":[0.0,0.0,6.0,0.0],"rotation":0,"texture":"#0","tintindex":0},"south":{"uv":[0.0,0.0,6.0,0.0],"rotation":0,"texture":"#0","tintindex":0},"north":{"uv":[0.0,0.0,6.0,0.0],"rotation":0,"texture":"#0","tintindex":0},"west":{"uv":[0.0,0.0,6.0,0.0],"rotation":0,"texture":"#0","tintindex":0},"up":{"uv":[6.0,6.0,0.0,0.0],"rotation":0,"texture":"#0","tintindex":0},"down":{"uv":[6.0,0.0,0.0,6.0],"rotation":0,"texture":"#0","tintindex":0}}},{"from":[7.428571,7.428571,7.793775],"to":[8.571428,8.571428,8.936632],"rotation":{"angle":0.0,"axis":"y","origin":[7.714286,6.857143,8.365204]},"faces":{"east":{"uv":[10.0,1.0,11.0,2.0],"rotation":0,"texture":"#0","tintindex":0},"south":{"uv":[10.0,2.0,11.0,3.0],"rotation":0,"texture":"#0","tintindex":0},"north":{"uv":[9.5,5.0,10.5,6.0],"rotation":0,"texture":"#0","tintindex":0},"west":{"uv":[10.0,3.0,11.0,4.0],"rotation":0,"texture":"#0","tintindex":0},"up":{"uv":[11.0,5.0,10.0,4.0],"rotation":0,"texture":"#0","tintindex":0},"down":{"uv":[7.0,10.0,6.0,11.0],"rotation":0,"texture":"#0","tintindex":0}}},{"from":[9.428572,6.857143,6.650918],"to":[10.571428,7.428571,8.365204],"rotation":{"angle":0.0,"axis":"y","origin":[7.714286,9.142858,8.365204]},"faces":{"east":{"uv":[10.0,9.5,11.5,9.0],"rotation":0,"texture":"#0","tintindex":0},"south":{"uv":[7.0,10.5,8.0,10.0],"rotation":0,"texture":"#0","tintindex":0},"north":{"uv":[8.5,6.0,9.5,5.5],"rotation":0,"texture":"#0","tintindex":0},"west":{"uv":[10.0,10.0,11.5,9.5],"rotation":0,"texture":"#0","tintindex":0},"up":{"uv":[9.5,4.0,8.5,2.5],"rotation":0,"texture":"#0","tintindex":0},"down":{"uv":[9.5,1.0,8.5,2.5],"rotation":0,"texture":"#0","tintindex":0}}},{"from":[7.714286,4.546096,7.110614],"to":[8.285714,6.83181,9.396328],"rotation":{"angle":-22.5,"axis":"x","origin":[9.142858,5.403239,8.253471]},"faces":{"east":{"uv":[6.0,8.0,8.0,6.0],"rotation":0,"texture":"#0","tintindex":0},"south":{"uv":[9.5,3.0,10.0,1.0],"rotation":0,"texture":"#0","tintindex":0},"north":{"uv":[9.0,11.0,9.5,9.0],"rotation":0,"texture":"#0","tintindex":0},"west":{"uv":[6.0,10.0,8.0,8.0],"rotation":0,"texture":"#0","tintindex":0},"up":{"uv":[10.0,11.0,9.5,9.0],"rotation":0,"texture":"#0","tintindex":0},"down":{"uv":[10.0,3.0,9.5,5.0],"rotation":0,"texture":"#0","tintindex":0}}},{"from":[6.5714283,6.285714,6.650918],"to":[9.428572,7.428571,10.07949],"rotation":{"angle":0.0,"axis":"y","origin":[7.714286,9.142858,8.365204]},"faces":{"east":{"uv":[8.0,7.0,11.0,6.0],"rotation":0,"texture":"#0","tintindex":0},"south":{"uv":[8.5,1.0,11.0,0.0],"rotation":0,"texture":"#0","tintindex":0},"north":{"uv":[8.0,9.0,10.5,8.0],"rotation":0,"texture":"#0","tintindex":0},"west":{"uv":[8.0,8.0,11.0,7.0],"rotation":0,"texture":"#0","tintindex":0},"up":{"uv":[8.5,6.0,6.0,3.0],"rotation":0,"texture":"#0","tintindex":0},"down":{"uv":[8.5,0.0,6.0,3.0],"rotation":0,"texture":"#0","tintindex":0}}},{"from":[5.428571,6.857143,6.650918],"to":[6.5714283,7.428571,8.365204],"rotation":{"angle":0.0,"axis":"y","origin":[7.714286,9.142858,8.365204]},"faces":{"east":{"uv":[10.0,10.5,11.5,10.0],"rotation":0,"texture":"#0","tintindex":0},"south":{"uv":[7.0,11.0,8.0,10.5],"rotation":0,"texture":"#0","tintindex":0},"north":{"uv":[10.5,6.0,11.5,5.5],"rotation":0,"texture":"#0","tintindex":0},"west":{"uv":[10.5,5.5,12.0,5.0],"rotation":0,"texture":"#0","tintindex":0},"up":{"uv":[9.0,10.5,8.0,9.0],"rotation":0,"texture":"#0","tintindex":0},"down":{"uv":[9.5,4.0,8.5,5.5],"rotation":0,"texture":"#0","tintindex":0}}}],"display":{"head":{"translation":[0.0,-6.4,0.0],"scale":[4.0,4.0,4.0]}}}