{"textures":{"1":"modelengine:entity/invadershiplaser"},"elements":[{"from":[7.142857,4.5714283,6.857143],"to":[8.857143,8.0,9.142858],"rotation":{"angle":0.0,"axis":"y","origin":[8.0,8.0,8.0]},"faces":{"east":{"uv":[7.25,0.0,8.25,1.75],"rotation":0,"texture":"#1","tintindex":0},"south":{"uv":[7.25,0.0,8.0,1.75],"rotation":0,"texture":"#1","tintindex":0},"north":{"uv":[7.25,0.0,8.0,1.75],"rotation":0,"texture":"#1","tintindex":0},"west":{"uv":[7.25,0.0,8.25,1.75],"rotation":0,"texture":"#1","tintindex":0},"up":{"uv":[8.0,1.0,7.25,0.0],"rotation":0,"texture":"#1","tintindex":0},"down":{"uv":[8.0,0.0,7.25,1.0],"rotation":0,"texture":"#1","tintindex":0}}}],"display":{"head":{"translation":[0.0,-6.4,0.0],"scale":[4.0,4.0,4.0]}}}