{
	"credit": "Made with Blockbench",
	"texture_size": [32, 32],
	"textures": {
		"1": "modelengine:entity/invaderweapons"
	},
	"elements": [
		{
			"from": [7.5, 6.73746, 7.99162],
			"to": [8.5, 8.73746, 12.99162],
			"rotation": {"angle": -22.5, "axis": "x", "origin": [9, 7.73746, 10.49162]},
			"faces": {
				"north": {"uv": [3.5, 9.5, 4, 10.5], "texture": "#1"},
				"east": {"uv": [5, 2.5, 7.5, 3.5], "texture": "#1"},
				"south": {"uv": [9.5, 6.5, 10, 7.5], "texture": "#1"},
				"west": {"uv": [5, 3.5, 7.5, 4.5], "texture": "#1"},
				"up": {"uv": [4.5, 10.5, 4, 8], "texture": "#1"},
				"down": {"uv": [5, 8, 4.5, 10.5], "texture": "#1"}
			}
		},
		{
			"from": [7, 8.73746, 8.49162],
			"to": [9, 10.73746, 10.49162],
			"rotation": {"angle": 0, "axis": "x", "origin": [9, 7.73746, 10.49162]},
			"faces": {
				"north": {"uv": [8.5, 6, 9.5, 7], "texture": "#1"},
				"east": {"uv": [7, 8.5, 8, 9.5], "texture": "#1"},
				"south": {"uv": [8.5, 7, 9.5, 8], "texture": "#1"},
				"west": {"uv": [8, 8.5, 9, 9.5], "texture": "#1"},
				"up": {"uv": [10, 2.5, 9, 1.5], "texture": "#1"},
				"down": {"uv": [10, 2.5, 9, 3.5], "texture": "#1"}
			}
		},
		{
			"from": [7.5, 10.73746, 6.49162],
			"to": [8.5, 13.73746, 9.49162],
			"rotation": {"angle": 0, "axis": "x", "origin": [9, 7.73746, 10.49162]},
			"faces": {
				"north": {"uv": [5, 9, 5.5, 10.5], "texture": "#1"},
				"east": {"uv": [7.5, 3, 9, 4.5], "texture": "#1"},
				"south": {"uv": [5.5, 9, 6, 10.5], "texture": "#1"},
				"west": {"uv": [7.5, 4.5, 9, 6], "texture": "#1"},
				"up": {"uv": [9.5, 10, 9, 8.5], "texture": "#1"},
				"down": {"uv": [2.5, 9.5, 2, 11], "texture": "#1"}
			}
		},
		{
			"from": [7, 13.73746, 6.49162],
			"to": [9, 14.73746, 11.49162],
			"rotation": {"angle": 0, "axis": "x", "origin": [9, 7.73746, 10.49162]},
			"faces": {
				"north": {"uv": [6, 9.5, 7, 10], "texture": "#1"},
				"east": {"uv": [7, 8, 9.5, 8.5], "texture": "#1"},
				"south": {"uv": [9.5, 6, 10.5, 6.5], "texture": "#1"},
				"west": {"uv": [8.5, 0, 11, 0.5], "texture": "#1"},
				"up": {"uv": [6, 2.5, 5, 0], "texture": "#1"},
				"down": {"uv": [7, 0, 6, 2.5], "texture": "#1"}
			}
		},
		{
			"from": [6.5, 6.73746, 5.49162],
			"to": [9.5, 10.73746, 8.49162],
			"rotation": {"angle": 0, "axis": "x", "origin": [9, 7.73746, 10.49162]},
			"faces": {
				"north": {"uv": [0, 4.5, 1.5, 6.5], "texture": "#1"},
				"east": {"uv": [1.5, 4.5, 3, 6.5], "texture": "#1"},
				"south": {"uv": [3, 4.5, 4.5, 6.5], "texture": "#1"},
				"west": {"uv": [4.5, 4.5, 6, 6.5], "texture": "#1"},
				"up": {"uv": [8.5, 1.5, 7, 0], "texture": "#1"},
				"down": {"uv": [9, 1.5, 7.5, 3], "texture": "#1"}
			}
		},
		{
			"from": [7, -0.26254, 6.49162],
			"to": [9, 8.73746, 9.49162],
			"rotation": {"angle": 0, "axis": "x", "origin": [9, 7.73746, 10.49162]},
			"faces": {
				"north": {"uv": [3, 0, 4, 4.5], "texture": "#1"},
				"east": {"uv": [0, 0, 1.5, 4.5], "texture": "#1"},
				"south": {"uv": [4, 0, 5, 4.5], "texture": "#1"},
				"west": {"uv": [1.5, 0, 3, 4.5], "texture": "#1"},
				"up": {"uv": [3, 9.5, 2, 8], "texture": "#1"},
				"down": {"uv": [4, 8, 3, 9.5], "texture": "#1"}
			}
		},
		{
			"from": [7, -0.26254, 5.49162],
			"to": [9, 0.73746, 6.49162],
			"rotation": {"angle": 0, "axis": "x", "origin": [9, 7.73746, 10.49162]},
			"faces": {
				"north": {"uv": [7, 9.5, 8, 10], "texture": "#1"},
				"east": {"uv": [7, 7.5, 7.5, 8], "texture": "#1"},
				"south": {"uv": [9.5, 7.5, 10.5, 8], "texture": "#1"},
				"west": {"uv": [9.5, 8.5, 10, 9], "texture": "#1"},
				"up": {"uv": [9, 10, 8, 9.5], "texture": "#1"},
				"down": {"uv": [10.5, 8, 9.5, 8.5], "texture": "#1"}
			}
		},
		{
			"from": [7.5, -1.26254, 7.49162],
			"to": [8.5, -0.26254, 8.49162],
			"rotation": {"angle": 0, "axis": "x", "origin": [8, -0.76254, 7.99162]},
			"faces": {
				"north": {"uv": [9.5, 9, 10, 9.5], "texture": "#1"},
				"east": {"uv": [9.5, 9.5, 10, 10], "texture": "#1"},
				"south": {"uv": [0, 10, 0.5, 10.5], "texture": "#1"},
				"west": {"uv": [0.5, 10, 1, 10.5], "texture": "#1"},
				"up": {"uv": [10.5, 1, 10, 0.5], "texture": "#1"},
				"down": {"uv": [1.5, 10, 1, 10.5], "texture": "#1"}
			}
		},
		{
			"from": [7, 0.73746, 9.49162],
			"to": [9, 4.73746, 11.49162],
			"rotation": {"angle": 0, "axis": "x", "origin": [9, 7.73746, 10.49162]},
			"faces": {
				"north": {"uv": [6, 7.5, 7, 9.5], "texture": "#1"},
				"east": {"uv": [7.5, 6, 8.5, 8], "texture": "#1"},
				"south": {"uv": [0, 8, 1, 10], "texture": "#1"},
				"west": {"uv": [1, 8, 2, 10], "texture": "#1"},
				"up": {"uv": [10, 4.5, 9, 3.5], "texture": "#1"},
				"down": {"uv": [10, 4.5, 9, 5.5], "texture": "#1"}
			}
		}
	],
	"display": {
		"thirdperson_righthand": {
			"rotation": [91, 0, 0],
			"translation": [-1.25, 1.75, 1.25]
		},
		"thirdperson_lefthand": {
			"rotation": [91, 0, 0],
			"translation": [-1.25, 1.75, 1.25]
		},
		"firstperson_righthand": {
			"rotation": [90, -9, -4],
			"translation": [0, 3.5, 0]
		},
		"firstperson_lefthand": {
			"rotation": [90, -9, -4],
			"translation": [0, 3.5, 0]
		},
		"ground": {
			"rotation": [131, 0, 0],
			"translation": [0, 4.75, 0]
		},
		"gui": {
			"rotation": [119, 32, 55],
			"translation": [-1.25, -0.5, 0]
		}
	},
	"groups": [
		{
			"name": "invader",
			"origin": [0.5, 12.57324, 0.24898],
			"color": 0,
			"children": [
				{
					"name": "right_hand_gun",
					"origin": [0.25, 8.73746, 0.99162],
					"color": 0,
					"children": [0, 1, 2, 3, 4, 5, 6, 7, 8]
				}
			]
		}
	]
}