{"textures":{"1":"modelengine:entity/invadershiplaser"},"elements":[{"from":[6.5714283,6.857143,6.857143],"to":[9.428572,9.142858,9.142858],"rotation":{"angle":45.0,"axis":"x","origin":[8.0,8.0,8.0]},"faces":{"east":{"uv":[2.5,5.25,3.5,6.25],"rotation":0,"texture":"#1","tintindex":0},"south":{"uv":[4.75,1.0,6.0,2.0],"rotation":0,"texture":"#1","tintindex":0},"north":{"uv":[4.75,0.0,6.0,1.0],"rotation":0,"texture":"#1","tintindex":0},"west":{"uv":[5.5,5.5,6.5,6.5],"rotation":0,"texture":"#1","tintindex":0},"up":{"uv":[6.0,3.0,4.75,2.0],"rotation":0,"texture":"#1","tintindex":0},"down":{"uv":[5.5,5.0,4.25,6.0],"rotation":0,"texture":"#1","tintindex":0}}},{"from":[7.142857,7.142857,4.285714],"to":[8.857143,8.857143,8.285714],"rotation":{"angle":0.0,"axis":"y","origin":[8.0,8.285714,12.285715]},"faces":{"east":{"uv":[4.25,3.5,6.0,4.25],"rotation":0,"texture":"#1","tintindex":0},"south":{"uv":[6.0,1.75,6.75,2.5],"rotation":0,"texture":"#1","tintindex":0},"north":{"uv":[6.0,1.0,6.75,1.75],"rotation":0,"texture":"#1","tintindex":0},"west":{"uv":[4.25,4.25,6.0,5.0],"rotation":0,"texture":"#1","tintindex":0},"up":{"uv":[0.75,6.25,0.0,4.5],"rotation":0,"texture":"#1","tintindex":0},"down":{"uv":[1.5,4.5,0.75,6.25],"rotation":0,"texture":"#1","tintindex":0}}},{"from":[5.428571,5.428571,3.142857],"to":[10.571428,10.571428,4.285714],"rotation":{"angle":0.0,"axis":"y","origin":[8.0,8.285714,8.285714]},"faces":{"east":{"uv":[1.5,4.5,2.0,6.75],"rotation":0,"texture":"#1","tintindex":0},"south":{"uv":[0.0,2.25,2.25,4.5],"rotation":0,"texture":"#1","tintindex":0},"north":{"uv":[0.0,0.0,2.25,2.25],"rotation":0,"texture":"#1","tintindex":0},"west":{"uv":[2.0,5.25,2.5,7.5],"rotation":0,"texture":"#1","tintindex":0},"up":{"uv":[7.0,3.5,4.75,3.0],"rotation":0,"texture":"#1","tintindex":0},"down":{"uv":[7.75,5.0,5.5,5.5],"rotation":0,"texture":"#1","tintindex":0}}},{"from":[7.714286,7.714286,-2.0],"to":[8.285714,8.285714,3.142857],"rotation":{"angle":0.0,"axis":"y","origin":[5.714286,8.285714,8.285714]},"faces":{"east":{"uv":[6.0,2.5,8.25,2.75],"rotation":0,"texture":"#1","tintindex":0},"south":{"uv":[2.0,4.75,2.25,5.0],"rotation":0,"texture":"#1","tintindex":0},"north":{"uv":[2.0,4.5,2.25,4.75],"rotation":0,"texture":"#1","tintindex":0},"west":{"uv":[6.0,2.75,8.25,3.0],"rotation":0,"texture":"#1","tintindex":0},"up":{"uv":[4.5,8.25,4.25,6.0],"rotation":0,"texture":"#1","tintindex":0},"down":{"uv":[4.75,6.0,4.5,8.25],"rotation":0,"texture":"#1","tintindex":0}}},{"from":[6.0,6.0,0.28571415],"to":[10.0,10.0,0.85714245],"rotation":{"angle":0.0,"axis":"y","origin":[5.714286,8.285714,8.285714]},"faces":{"east":{"uv":[4.75,6.0,5.0,7.75],"rotation":0,"texture":"#1","tintindex":0},"south":{"uv":[2.25,1.75,4.0,3.5],"rotation":0,"texture":"#1","tintindex":0},"north":{"uv":[2.25,0.0,4.0,1.75],"rotation":0,"texture":"#1","tintindex":0},"west":{"uv":[5.0,6.0,5.25,7.75],"rotation":0,"texture":"#1","tintindex":0},"up":{"uv":[7.75,3.75,6.0,3.5],"rotation":0,"texture":"#1","tintindex":0},"down":{"uv":[7.75,3.75,6.0,4.0],"rotation":0,"texture":"#1","tintindex":0}}},{"from":[7.428571,7.428571,-3.1428576],"to":[8.571428,8.571428,-2.0],"rotation":{"angle":0.0,"axis":"y","origin":[8.0,8.0,-2.5714293]},"faces":{"east":{"uv":[6.0,4.5,6.5,5.0],"rotation":0,"texture":"#1","tintindex":0},"south":{"uv":[0.0,6.25,0.5,6.75],"rotation":0,"texture":"#1","tintindex":0},"north":{"uv":[6.0,4.0,6.5,4.5],"rotation":0,"texture":"#1","tintindex":0},"west":{"uv":[0.5,6.25,1.0,6.75],"rotation":0,"texture":"#1","tintindex":0},"up":{"uv":[1.5,6.75,1.0,6.25],"rotation":0,"texture":"#1","tintindex":0},"down":{"uv":[3.0,6.25,2.5,6.75],"rotation":0,"texture":"#1","tintindex":0}}}],"display":{"head":{"translation":[0.0,-6.4,0.0],"scale":[4.0,4.0,4.0]}}}