{"textures":{"1":"modelengine:entity/invadershiplaser"},"elements":[{"from":[7.142857,4.5714283,6.857143],"to":[8.857143,8.0,9.142858],"rotation":{"angle":0.0,"axis":"y","origin":[8.0,8.0,8.0]},"faces":{"east":{"uv":[2.25,3.5,3.25,5.25],"rotation":0,"texture":"#1","tintindex":0},"south":{"uv":[4.0,1.75,4.75,3.5],"rotation":0,"texture":"#1","tintindex":0},"north":{"uv":[4.0,0.0,4.75,1.75],"rotation":0,"texture":"#1","tintindex":0},"west":{"uv":[3.25,3.5,4.25,5.25],"rotation":0,"texture":"#1","tintindex":0},"up":{"uv":[4.25,6.25,3.5,5.25],"rotation":0,"texture":"#1","tintindex":0},"down":{"uv":[6.75,0.0,6.0,1.0],"rotation":0,"texture":"#1","tintindex":0}}}],"display":{"head":{"translation":[0.0,-6.4,0.0],"scale":[4.0,4.0,4.0]}}}