{"textures":{"0":"modelengine:entity/invader","1":"modelengine:entity/invaderweapons"},"elements":[{"from":[7.285714,6.285714,7.142857],"to":[8.428572,8.0,8.857143],"rotation":{"angle":0.0,"axis":"y","origin":[7.5714283,6.857143,7.714286]},"faces":{"east":{"uv":[8.25,7.0,7.5,7.75],"rotation":0,"texture":"#0","tintindex":0},"south":{"uv":[8.25,7.75,7.75,8.5],"rotation":0,"texture":"#0","tintindex":0},"north":{"uv":[7.75,7.75,7.25,8.5],"rotation":0,"texture":"#0","tintindex":0},"west":{"uv":[8.25,6.25,7.5,7.0],"rotation":0,"texture":"#0","tintindex":0},"up":{"uv":[8.0,0.75,8.5,0.0],"rotation":0,"texture":"#0","tintindex":0},"down":{"uv":[8.0,0.75,8.5,1.5],"rotation":0,"texture":"#0","tintindex":0}}},{"from":[6.714286,6.857143,7.142857],"to":[7.857143,8.0,8.285714],"rotation":{"angle":0.0,"axis":"y","origin":[7.0,6.857143,7.714286]},"faces":{"east":{"uv":[8.75,5.0,8.25,5.5],"rotation":0,"texture":"#0","tintindex":0},"south":{"uv":[5.0,8.25,4.5,8.75],"rotation":0,"texture":"#0","tintindex":0},"north":{"uv":[4.0,8.25,3.5,8.75],"rotation":0,"texture":"#0","tintindex":0},"west":{"uv":[4.5,8.25,4.0,8.75],"rotation":0,"texture":"#0","tintindex":0},"up":{"uv":[8.25,6.0,8.75,5.5],"rotation":0,"texture":"#0","tintindex":0},"down":{"uv":[8.25,6.0,8.75,6.5],"rotation":0,"texture":"#0","tintindex":0}}},{"from":[7.428571,6.285714,6.285714],"to":[8.0,7.428571,9.142858],"rotation":{"angle":-22.5,"axis":"x","origin":[8.285714,6.857143,7.714286]},"faces":{"east":{"uv":[5.0,2.5,7.5,3.5],"rotation":0,"texture":"#1","tintindex":0},"south":{"uv":[9.5,6.5,10.0,7.5],"rotation":0,"texture":"#1","tintindex":0},"north":{"uv":[3.5,9.5,4.0,10.5],"rotation":0,"texture":"#1","tintindex":0},"west":{"uv":[5.0,3.5,7.5,4.5],"rotation":0,"texture":"#1","tintindex":0},"up":{"uv":[4.5,10.5,4.0,8.0],"rotation":0,"texture":"#1","tintindex":0},"down":{"uv":[5.0,8.0,4.5,10.5],"rotation":0,"texture":"#1","tintindex":0}}},{"from":[7.142857,7.428571,6.5714283],"to":[8.285714,8.571428,7.714286],"rotation":{"angle":0.0,"axis":"y","origin":[8.285714,6.857143,7.714286]},"faces":{"east":{"uv":[7.0,8.5,8.0,9.5],"rotation":0,"texture":"#1","tintindex":0},"south":{"uv":[8.5,7.0,9.5,8.0],"rotation":0,"texture":"#1","tintindex":0},"north":{"uv":[8.5,6.0,9.5,7.0],"rotation":0,"texture":"#1","tintindex":0},"west":{"uv":[8.0,8.5,9.0,9.5],"rotation":0,"texture":"#1","tintindex":0},"up":{"uv":[10.0,2.5,9.0,1.5],"rotation":0,"texture":"#1","tintindex":0},"down":{"uv":[10.0,2.5,9.0,3.5],"rotation":0,"texture":"#1","tintindex":0}}},{"from":[7.428571,8.571428,5.428571],"to":[8.0,10.285714,7.142857],"rotation":{"angle":0.0,"axis":"y","origin":[8.285714,6.857143,7.714286]},"faces":{"east":{"uv":[7.5,3.0,9.0,4.5],"rotation":0,"texture":"#1","tintindex":0},"south":{"uv":[5.5,9.0,6.0,10.5],"rotation":0,"texture":"#1","tintindex":0},"north":{"uv":[5.0,9.0,5.5,10.5],"rotation":0,"texture":"#1","tintindex":0},"west":{"uv":[7.5,4.5,9.0,6.0],"rotation":0,"texture":"#1","tintindex":0},"up":{"uv":[9.5,10.0,9.0,8.5],"rotation":0,"texture":"#1","tintindex":0},"down":{"uv":[2.5,9.5,2.0,11.0],"rotation":0,"texture":"#1","tintindex":0}}},{"from":[7.142857,10.285714,5.428571],"to":[8.285714,10.857143,8.285714],"rotation":{"angle":0.0,"axis":"y","origin":[8.285714,6.857143,7.714286]},"faces":{"east":{"uv":[7.0,8.0,9.5,8.5],"rotation":0,"texture":"#1","tintindex":0},"south":{"uv":[9.5,6.0,10.5,6.5],"rotation":0,"texture":"#1","tintindex":0},"north":{"uv":[6.0,9.5,7.0,10.0],"rotation":0,"texture":"#1","tintindex":0},"west":{"uv":[8.5,0.0,11.0,0.5],"rotation":0,"texture":"#1","tintindex":0},"up":{"uv":[6.0,2.5,5.0,0.0],"rotation":0,"texture":"#1","tintindex":0},"down":{"uv":[7.0,0.0,6.0,2.5],"rotation":0,"texture":"#1","tintindex":0}}},{"from":[6.857143,6.285714,4.8571424],"to":[8.571428,8.571428,6.5714283],"rotation":{"angle":0.0,"axis":"y","origin":[8.285714,6.857143,7.714286]},"faces":{"east":{"uv":[1.5,4.5,3.0,6.5],"rotation":0,"texture":"#1","tintindex":0},"south":{"uv":[3.0,4.5,4.5,6.5],"rotation":0,"texture":"#1","tintindex":0},"north":{"uv":[0.0,4.5,1.5,6.5],"rotation":0,"texture":"#1","tintindex":0},"west":{"uv":[4.5,4.5,6.0,6.5],"rotation":0,"texture":"#1","tintindex":0},"up":{"uv":[8.5,1.5,7.0,0.0],"rotation":0,"texture":"#1","tintindex":0},"down":{"uv":[9.0,1.5,7.5,3.0],"rotation":0,"texture":"#1","tintindex":0}}},{"from":[7.142857,2.2857141,5.428571],"to":[8.285714,7.428571,7.142857],"rotation":{"angle":0.0,"axis":"y","origin":[8.285714,6.857143,7.714286]},"faces":{"east":{"uv":[0.0,0.0,1.5,4.5],"rotation":0,"texture":"#1","tintindex":0},"south":{"uv":[4.0,0.0,5.0,4.5],"rotation":0,"texture":"#1","tintindex":0},"north":{"uv":[3.0,0.0,4.0,4.5],"rotation":0,"texture":"#1","tintindex":0},"west":{"uv":[1.5,0.0,3.0,4.5],"rotation":0,"texture":"#1","tintindex":0},"up":{"uv":[3.0,9.5,2.0,8.0],"rotation":0,"texture":"#1","tintindex":0},"down":{"uv":[4.0,8.0,3.0,9.5],"rotation":0,"texture":"#1","tintindex":0}}},{"from":[7.142857,2.2857141,4.8571424],"to":[8.285714,2.8571424,5.428571],"rotation":{"angle":0.0,"axis":"y","origin":[8.285714,6.857143,7.714286]},"faces":{"east":{"uv":[7.0,7.5,7.5,8.0],"rotation":0,"texture":"#1","tintindex":0},"south":{"uv":[9.5,7.5,10.5,8.0],"rotation":0,"texture":"#1","tintindex":0},"north":{"uv":[7.0,9.5,8.0,10.0],"rotation":0,"texture":"#1","tintindex":0},"west":{"uv":[9.5,8.5,10.0,9.0],"rotation":0,"texture":"#1","tintindex":0},"up":{"uv":[9.0,10.0,8.0,9.5],"rotation":0,"texture":"#1","tintindex":0},"down":{"uv":[10.5,8.0,9.5,8.5],"rotation":0,"texture":"#1","tintindex":0}}},{"from":[7.428571,1.7142854,6.0],"to":[8.0,2.2857141,6.5714283],"rotation":{"angle":45.0,"axis":"y","origin":[7.714286,1.9999995,6.285714]},"faces":{"east":{"uv":[9.5,9.5,10.0,10.0],"rotation":0,"texture":"#1","tintindex":0},"south":{"uv":[0.0,10.0,0.5,10.5],"rotation":0,"texture":"#1","tintindex":0},"north":{"uv":[9.5,9.0,10.0,9.5],"rotation":0,"texture":"#1","tintindex":0},"west":{"uv":[0.5,10.0,1.0,10.5],"rotation":0,"texture":"#1","tintindex":0},"up":{"uv":[10.5,1.0,10.0,0.5],"rotation":0,"texture":"#1","tintindex":0},"down":{"uv":[1.5,10.0,1.0,10.5],"rotation":0,"texture":"#1","tintindex":0}}},{"from":[7.142857,2.8571424,7.142857],"to":[8.285714,5.142857,8.285714],"rotation":{"angle":0.0,"axis":"y","origin":[8.285714,6.857143,7.714286]},"faces":{"east":{"uv":[7.5,6.0,8.5,8.0],"rotation":0,"texture":"#1","tintindex":0},"south":{"uv":[0.0,8.0,1.0,10.0],"rotation":0,"texture":"#1","tintindex":0},"north":{"uv":[6.0,7.5,7.0,9.5],"rotation":0,"texture":"#1","tintindex":0},"west":{"uv":[1.0,8.0,2.0,10.0],"rotation":0,"texture":"#1","tintindex":0},"up":{"uv":[10.0,4.5,9.0,3.5],"rotation":0,"texture":"#1","tintindex":0},"down":{"uv":[10.0,4.5,9.0,5.5],"rotation":0,"texture":"#1","tintindex":0}}}],"display":{"head":{"translation":[0.0,-6.4,0.0],"scale":[4.0,4.0,4.0]}}}